square_footage,bedrooms,bathrooms,neighborhood_rating,school_rating,property_age,lot_size,price
3974,4,2,6,6,36,16959,1026138
4307,6,4,1,1,28,24700,990152
1660,1,1,1,3,66,14581,387917
2094,1,1,2,2,14,13199,511592
1930,1,1,6,5,46,7072,566808
1895,1,1,6,6,45,19931,658057
3892,5,4,2,2,51,19128,903239
2438,2,2,1,1,18,13580,574820
2969,4,2,10,10,76,23834,987275
1266,1,1,5,6,20,4675,467668
2038,3,3,5,3,63,16757,621703
1130,1,1,2,1,36,11627,326346
2282,4,3,6,7,26,9792,775754
2935,4,2,9,10,54,12452,934438
4244,6,5,2,2,28,23635,1039329
3971,5,3,10,10,19,21339,1260497
3719,6,5,2,2,24,15469,923542
930,2,1,3,4,69,8103,320416
2485,2,2,7,5,62,20617,748730
4180,6,5,6,4,35,21856,1126448
1569,3,2,8,10,1,14687,808898
3191,5,3,8,6,21,23528,1028429
2315,4,2,6,7,15,10815,776787
4285,5,3,10,10,17,23056,1336043
3653,6,5,3,3,68,16634,880914
3233,4,3,3,1,53,25150,789720
2015,2,1,1,1,29,23137,508255
1755,3,3,7,5,44,8520,618101
3124,5,3,5,5,18,13803,893765
1984,2,1,4,6,33,6035,553115
1259,1,1,10,10,12,16703,743183
4185,4,3,4,3,42,11907,955869
821,1,1,4,5,61,20423,360552
3100,4,3,6,4,21,19749,906141
1547,3,3,8,10,51,10774,721204
3704,5,4,8,9,51,18155,1077124
4432,5,4,5,5,35,25980,1167243
1274,1,1,6,8,72,7489,481243
1882,3,2,4,5,18,16613,664613
3358,5,3,9,10,37,15783,1078655
2847,4,2,8,7,69,17845,861125
4347,6,4,10,9,78,28679,1281030
3547,4,3,10,8,56,26958,1154913
1775,1,1,1,1,19,20676,485901
2606,3,2,2,1,8,22825,695010
989,1,1,9,10,31,10425,617791
3805,5,3,8,7,3,15109,1141318
3534,6,4,3,1,49,15341,879178
3805,4,2,8,7,4,10909,1080035
1362,1,1,1,1,19,11425,358614
2699,4,3,10,10,74,12392,920731
4438,5,4,4,5,36,26503,1127738
2067,2,1,3,1,21,13623,527859
3679,5,4,6,8,57,17627,1036926
2328,3,3,7,6,67,9487,694646
4002,4,3,4,3,43,21606,954922
4356,6,5,7,8,33,22531,1262574
1446,3,2,9,7,76,22808,687476
2868,5,4,2,1,41,9732,680420
3688,4,3,3,3,8,20995,932694
3014,5,4,5,3,6,24689,957075
2097,3,2,3,4,67,9283,512308
3235,3,2,8,8,18,8993,940146
1400,2,1,10,10,30,17210,737105
3163,4,2,8,7,34,24058,998579
2861,4,2,8,7,56,15889,859243
1041,1,1,9,7,60,9272,541805
2841,5,3,4,4,30,12257,773570
3624,5,4,5,4,52,16975,943840
4217,6,5,5,6,31,25812,1161423
3412,3,3,8,7,65,10621,926422
3745,5,3,7,6,58,11621,958804
2163,2,1,9,9,9,21226,892099
2939,5,3,8,8,1,25077,1055312
2190,2,1,2,4,65,17712,513566
3803,4,2,10,10,59,16272,1148995
2278,2,2,4,4,16,23082,721424
4299,5,4,6,4,15,23077,1167171
3356,5,3,2,3,15,10122,818393
1575,3,2,7,8,45,17815,681037
834,1,1,3,3,38,4202,274507
3053,5,3,3,4,30,11470,785817
3952,6,5,2,2,0,27320,1034727
2755,3,2,8,7,10,10852,878738
2385,4,2,6,8,3,20235,850677
4259,5,3,1,1,70,15018,835657
3873,4,2,1,1,25,10918,811641
1821,2,2,7,7,49,13649,676267
4261,6,4,8,7,11,12163,1206878
3413,4,2,5,3,74,25681,848746
1929,1,1,5,3,64,14596,475613
2300,4,3,4,2,46,11326,626272
1502,1,1,6,6,52,16793,534864
3249,4,2,6,7,70,19515,886941
3577,6,4,3,3,1,9517,918735
2379,4,3,9,10,23,17116,939890
961,1,1,7,6,3,7231,527483
1001,1,1,1,3,18,20931,384354
2781,2,2,7,8,25,10802,871439
1795,3,3,5,3,74,12255,554821
3117,3,3,5,5,39,21155,873079
1615,1,1,2,1,49,7166,340367
4142,5,3,4,2,42,24252,978458
1255,1,1,6,5,74,15707,474767
4333,6,5,10,10,66,22664,1301268
2075,1,1,7,7,11,7032,698650
1816,1,1,5,5,66,12555,535845
3143,3,3,9,10,26,21994,1049722
3567,6,5,3,3,53,14338,908195
1137,2,2,1,2,65,11562,320400
1678,2,1,4,3,48,8559,436678
1876,2,1,9,7,15,7996,764176
1591,2,2,4,6,1,5200,577970
3064,3,2,2,3,59,25153,719686
1563,1,1,10,8,53,8209,658780
3035,4,2,5,3,29,16591,800042
1179,1,1,3,5,37,21607,472576
1292,1,1,9,10,27,5357,628182
3912,6,4,4,2,24,14556,1003885
1980,2,1,6,4,9,12755,658176
2862,5,4,2,3,59,14708,724087
864,1,1,6,6,41,6295,412784
3368,4,2,3,1,39,24857,823232
2167,2,1,9,8,76,8008,695901
1952,3,3,2,3,41,16779,544017
2827,5,3,9,7,46,19226,962598
3495,5,4,5,7,36,9729,982861
2295,2,2,8,7,79,8135,704309
3934,4,3,2,1,21,19195,883890
1962,1,1,6,5,56,11051,547517
2322,2,1,3,2,26,15709,580357
3440,5,3,10,10,40,19372,1116762
1191,2,1,5,4,79,18131,408129
2498,3,2,8,8,33,16041,872188
1218,1,1,10,10,31,13957,691920
3136,3,2,1,1,65,16941,659531
1178,2,1,5,7,11,15639,553430
2596,4,3,3,1,39,14190,661815
4361,6,4,4,5,72,24162,1041047
3078,4,2,2,3,75,20853,689541
3865,5,4,9,10,72,23463,1165733
2888,5,3,3,3,9,9045,764305
3899,6,4,2,1,47,17666,888483
2982,5,4,10,10,19,20337,1140059
1000,1,1,9,8,38,9961,585801
2663,4,2,7,7,59,23060,844709
1579,3,2,6,7,65,14819,602989
3777,4,3,1,1,64,18123,783076
3904,4,2,5,5,50,17365,962961
3919,5,3,3,1,35,18271,891787
1302,2,2,1,1,23,20257,432707
3254,5,3,4,3,26,17619,872162
4445,5,4,2,1,1,16572,1002120
2551,3,3,2,3,30,22581,712557
1604,1,1,3,5,56,20255,495148
2946,3,3,8,6,77,15976,825159
3531,4,3,8,10,65,25515,1075317
2695,2,1,7,8,28,13590,825797
3573,6,5,6,4,14,19424,1052982
2370,4,3,9,7,11,8747,901158
1760,1,1,4,6,27,21322,624077
3460,4,2,1,1,23,22249,780007
2285,3,2,8,7,20,9349,792111
3490,4,3,7,7,9,9735,1006706
1828,2,1,7,9,77,12151,626453
4089,4,3,3,2,17,20365,955787
1302,2,2,4,4,13,14117,470753
3614,5,4,10,9,33,26628,1242062
1197,1,1,9,7,57,11741,567761
1670,2,2,6,6,75,19589,593270
3642,5,4,5,4,21,24163,1030492
1192,1,1,3,2,69,18441,356304
1006,2,1,9,8,35,16069,617290
1838,3,2,5,5,44,10614,582685
2681,2,2,5,6,35,8099,697565
4425,6,5,4,4,21,17050,1097184
3739,4,2,4,6,77,17849,857844
2284,2,2,1,1,79,23183,509778
4446,5,3,7,6,60,19426,1134899
1663,3,2,9,7,55,7949,658468
3590,4,2,3,3,32,17826,809675
4112,5,4,2,2,44,23767,954771
1363,2,2,3,2,35,17543,458341
1820,3,2,1,1,19,10137,463491
895,2,1,6,4,17,11723,491704
2723,4,2,7,9,37,14173,885894
2557,3,2,2,2,66,19270,581254
3332,5,3,8,6,22,26613,1056768
4278,6,5,6,4,15,27248,1201500
3078,3,2,4,5,58,16783,755018
3596,6,5,5,6,68,17560,979114
2478,3,2,8,6,67,23478,828982
4042,5,4,3,5,20,26661,1043908
1340,1,1,3,1,77,20257,363101
1859,2,2,4,3,77,19190,538025
3372,5,4,1,1,69,9686,694437
1983,3,3,9,10,11,10586,874703
2522,3,3,8,7,15,23239,927685
4114,5,3,8,10,13,21382,1242072
3957,6,5,10,9,60,16267,1216496
2619,3,2,6,6,70,16383,736184
3425,3,3,7,7,45,18344,1002830
3529,5,4,6,7,31,22620,1064613
3404,4,2,9,8,14,11688,1062584
2397,2,2,3,4,43,7339,602810
3860,4,2,3,2,16,23852,934169
3493,5,3,3,4,40,22290,916186
1595,3,2,10,10,53,7117,733153
1851,1,1,3,5,43,22090,547653
2443,2,2,9,10,4,18559,948467
4427,6,5,4,3,26,26226,1126087
2163,3,2,7,6,77,8989,622369
2781,2,2,9,9,78,22595,880336
2154,4,3,7,6,42,15773,775058
2463,3,2,9,7,30,10252,856638
2329,2,2,3,5,16,10317,634102
2838,4,2,4,5,53,25191,812307
4219,6,4,8,10,61,15201,1169194
2296,2,2,6,6,31,17420,731207
4102,5,4,5,6,39,25024,1123657
3037,3,3,4,5,12,19295,864739
4096,5,3,8,6,34,21403,1142810
2208,4,2,1,1,4,19985,618654
2200,4,3,9,8,72,11492,776363
2106,2,2,1,1,28,12234,490107
3480,4,3,8,6,69,21529,986184
3475,3,3,4,6,24,22465,961045
1772,1,1,9,10,21,11703,727758
2568,3,3,5,7,65,20359,800939
2082,2,1,3,1,44,14609,507475
4230,6,4,9,8,68,21482,1188251
1509,3,3,9,10,71,8062,670785
2279,2,2,4,6,0,16170,736797
2234,2,2,4,3,43,12104,575911
1448,3,2,8,8,74,16489,635243
1117,1,1,2,4,38,20413,403866
4096,6,5,9,10,53,13084,1232475
2057,3,2,6,6,74,11926,647456
1483,3,3,9,9,28,5620,713905
1463,1,1,8,9,53,22069,667104
2798,4,3,7,9,15,9394,900239
4245,5,3,1,1,19,15649,880908
2431,2,2,3,4,45,18480,626114
2295,2,2,2,3,66,15036,552276
4104,5,3,5,6,64,14031,1001456
1936,1,1,5,5,57,21971,605506
2653,2,2,5,4,52,15093,678550
2320,3,2,4,2,0,17836,691505
3289,3,2,5,7,65,14958,822772
1363,2,1,3,5,28,22118,520550
2091,3,2,1,1,69,15884,461134
4381,5,4,5,6,7,13444,1118840
4257,6,5,9,7,28,11503,1229303
4258,6,4,9,10,50,22992,1277094
3984,5,3,4,6,32,18414,1005737
2436,3,2,3,4,2,11583,694879
4496,6,4,1,1,59,17471,950119
3799,5,4,2,1,34,22759,924065
3952,6,5,8,7,68,24539,1165854
1498,2,1,1,1,75,13071,324474
2960,5,3,8,6,19,8927,931532
801,1,1,7,5,72,11290,419045
1441,3,3,8,10,38,15645,726319
3067,5,3,6,8,3,12042,984467
2389,4,3,9,7,18,18735,920710
1654,3,2,3,3,44,9687,507899
2559,3,3,10,10,42,23600,1002673
4096,4,2,4,4,12,11069,960727
3232,5,4,6,4,12,24049,998497
4274,6,4,8,10,59,28320,1272084
2461,2,1,5,4,56,9559,625101
1953,1,1,3,1,51,13148,451214
1876,1,1,6,7,52,15009,619822
2507,2,1,4,4,42,15627,664630
3577,6,5,9,7,71,12037,1039784
2495,4,3,3,1,71,8194,579608
2533,3,2,4,6,41,23994,771238
2239,3,2,7,9,25,18309,852694
3094,4,2,7,9,22,23652,998625
1635,1,1,4,5,42,22877,556720
4310,5,3,6,8,76,24614,1113646
1002,2,2,3,1,27,10524,383501
4055,4,3,6,8,8,10764,1096506
922,1,1,2,1,19,12256,302486
1200,1,1,8,10,55,8066,577195
1566,2,1,2,3,38,9409,450008
1093,1,1,7,6,50,9701,496631
3127,5,3,9,7,11,17459,1079415
3731,4,2,1,1,78,24660,771595
4481,5,4,8,8,54,14947,1211321
997,2,2,7,6,77,17129,509344
3829,4,3,6,6,10,17825,1066302
2730,2,1,6,5,25,14908,775372
4382,6,5,6,5,41,14445,1133090
3599,6,5,9,10,26,26154,1257752
2991,5,4,2,2,10,17506,798364
1408,3,3,1,2,37,9569,441825
4072,6,5,6,5,42,17226,1085009
1947,2,1,10,8,18,9896,796700
986,1,1,8,7,63,9601,512085
4197,4,3,3,4,5,22672,1037760
3311,3,3,10,10,45,17039,1052650
4220,5,4,1,1,41,12437,896017
2594,2,1,9,10,64,16151,851905
1459,2,1,1,1,71,20702,368059
3611,6,5,3,5,58,13746,911738
3802,5,3,8,6,51,13011,1059833
2755,2,1,3,1,46,14241,573699
3250,4,3,4,2,6,16295,865617
2169,4,2,8,8,10,17670,888826
2786,4,2,1,1,60,10483,571895
2334,3,3,6,5,67,23302,750645
946,1,1,1,1,24,19086,319819
4019,5,3,1,1,11,14989,886605
3711,4,3,8,10,25,17520,1101672
2534,3,2,4,3,11,23185,748748
2643,3,2,1,1,42,15388,573588
1288,1,1,10,10,50,10141,663941
3776,6,5,7,9,36,10725,1107454
2759,4,3,5,3,45,16142,758922
2463,2,1,5,4,52,21320,677381
3398,3,3,1,3,79,22052,715230
3185,5,3,10,10,12,9205,1094810
3719,6,5,6,4,53,21262,1040324
1440,3,2,9,10,56,9447,701610
2602,3,3,9,10,3,11019,980686
3320,4,3,8,10,74,25270,1041641
2769,4,3,5,4,48,9967,743250
2998,4,3,1,1,6,17178,730693
2238,3,2,9,10,10,15594,895601
4169,4,3,1,3,53,21968,882351
2434,4,3,8,7,44,9475,824388
1062,2,1,5,3,22,10054,435778
2587,3,3,3,3,27,11196,700554
2991,5,3,7,6,56,19973,913952
3193,3,3,7,5,25,15003,943985
1423,1,1,9,10,24,7997,686011
1816,1,1,7,5,53,11212,572301
4443,6,4,3,1,28,17940,1023219
1680,3,3,1,1,35,12979,434293
2849,5,4,8,8,13,23521,1053311
3744,6,5,3,1,77,22735,879488
2127,4,2,8,8,34,10827,775483
3101,3,2,8,10,29,23541,1047187
1252,1,1,5,5,16,7995,504233
3908,4,2,1,3,66,10522,774855
1983,3,3,10,10,79,21694,854151
3862,4,3,7,7,29,16721,1050881
2856,5,4,10,9,44,12945,1011117
4104,6,5,5,6,78,15963,1028322
3970,4,3,8,6,50,27658,1093143
2482,4,3,9,10,46,13815,909019
3663,5,4,7,5,52,21452,1025518
3055,5,3,7,5,63,15975,880514
1954,2,1,1,3,37,18026,535715
1203,1,1,4,2,63,7723,339251
2999,5,3,2,1,6,20210,793797
2901,3,2,2,2,21,19149,710641
3991,5,3,2,3,40,20372,931575
2496,2,1,4,4,73,21855,618066
1427,2,2,1,1,9,21402,496000
1386,2,2,4,6,56,11832,491197
2448,4,3,2,2,6,22400,714272
2243,3,3,5,5,49,9543,680215
2245,4,2,3,2,51,10918,556476
903,1,1,8,6,32,4208,494278
1053,2,2,4,6,0,12711,552582
4098,4,3,1,1,52,25957,872864
3983,6,4,1,1,59,10833,853907
3357,3,3,10,10,33,22493,1131179
2296,4,3,3,1,3,21747,718485
898,1,1,9,8,16,12006,621217
3000,5,4,7,7,3,8364,996781
2684,2,1,2,1,42,22734,622197
3761,5,4,9,10,3,16093,1232068
2719,3,3,10,8,0,24401,1075800
1677,1,1,2,3,70,19371,405977
1137,2,1,3,4,49,10742,359817
3669,4,3,10,10,72,13488,1078926
4034,6,4,2,1,60,23133,889462
1756,2,2,3,1,34,9649,465935
2504,4,3,6,8,7,19244,906035
960,1,1,9,8,23,20756,639145
2403,4,3,9,8,35,18959,915621
3648,6,5,7,9,49,23129,1124320
1197,2,2,3,5,42,5775,427247
2100,2,2,4,5,26,14354,626818
1615,1,1,6,8,31,6697,552691
2327,3,2,5,5,77,20093,665904
2719,3,3,2,1,17,24702,739585
2215,2,1,6,8,27,18436,755127
1958,2,2,3,3,28,9065,519553
2018,1,1,8,8,15,13928,756369
1200,2,2,2,2,46,20536,420254
1439,2,2,1,1,58,6046,320434
3904,5,4,9,10,30,22164,1227451
3535,4,2,3,3,3,12199,864035
1259,1,1,1,2,36,19550,346523
1754,2,1,7,8,16,8034,660860
1269,2,1,10,10,38,15597,691756
4246,6,5,5,4,47,14008,1081665
1845,3,3,5,5,45,16076,655310
3597,4,3,1,1,47,12749,745571
2493,3,3,9,9,38,22998,925180
2885,5,4,7,6,3,21927,1019047
3077,3,2,8,6,29,13265,930173
4236,6,5,9,7,29,17224,1256592
1362,1,1,6,7,21,21553,620037
3285,4,2,5,6,74,14934,830895
2599,2,1,6,5,65,10824,675563
4154,4,3,2,4,11,14183,971406
2874,5,3,4,2,35,13245,773380
1025,1,1,3,4,17,20029,445079
4148,5,3,7,5,52,21825,1078415
1597,2,1,9,8,70,21839,682747
4480,6,5,5,4,0,24342,1226747
3131,4,2,6,8,57,12287,860493
3726,5,3,10,10,5,19910,1224692
1759,2,1,2,1,69,19362,422145
2304,2,1,3,4,43,10783,586626
1252,1,1,3,1,71,13678,326716
3867,5,3,9,9,23,13177,1152291
1615,3,3,7,9,18,15955,764831
1458,1,1,8,8,17,5609,627505
4387,6,4,10,10,29,19121,1301150
1346,1,1,9,10,41,16472,693211
2015,2,2,6,6,32,19871,719716
3920,4,3,4,5,73,24094,944212
4383,6,4,1,1,11,24787,1040820
816,1,1,8,9,26,17000,606594
4043,5,3,7,9,38,15810,1135481
2043,2,2,2,1,8,7493,504160
3005,3,2,8,6,20,16042,913724
3324,3,2,5,5,75,23220,853960
1869,1,1,7,9,28,23532,722851
4244,6,5,4,3,32,17882,1060777
3365,4,2,5,6,61,25665,913172
2946,5,4,8,7,14,19478,1002033
2568,2,2,1,3,1,20062,677525
1860,2,2,1,3,51,6717,440401
3127,4,2,4,3,43,22644,790486
4220,5,3,3,4,53,16539,981067
3344,5,4,10,9,17,22197,1161937
1101,1,1,2,4,2,9692,414231
980,2,2,3,5,6,9576,454626
1406,2,1,1,1,42,20770,392792
3970,6,4,1,1,37,12188,841687
1499,2,2,6,4,36,22230,630907
1792,1,1,5,7,57,16332,584848
1939,1,1,8,8,32,16392,754122
990,1,1,2,1,58,12675,256013
3100,5,4,4,5,10,16270,908631
1780,2,2,8,7,67,14454,666912
3775,4,2,6,7,67,26248,1002895
2806,3,3,1,1,21,22735,708076
1984,2,1,4,2,65,8344,468911
4127,4,3,1,1,43,14632,869540
4194,5,4,2,1,5,21570,1000047
927,1,1,5,4,41,4428,326427
2865,4,2,8,9,24,21060,985313
2616,3,2,8,8,56,16181,863226
2558,3,2,3,2,54,12786,592780
3413,5,4,4,3,15,15393,901613
1369,1,1,10,8,13,17454,715514
2146,4,3,6,4,38,12409,690797
2695,2,1,10,10,27,15227,932693
3533,6,5,3,3,50,25653,956854
1425,2,2,2,4,48,19381,491549
4159,4,3,6,4,8,18816,1049566
3701,4,3,5,7,57,13511,931528
2486,4,3,10,10,44,24078,1001830
3809,6,5,5,7,21,23139,1128585
954,1,1,10,9,31,12628,658239
3337,5,4,5,7,68,13567,871224
2209,4,2,10,10,68,23145,856239
1584,3,2,5,6,41,13568,624873
3975,5,4,3,2,52,24556,962331
4264,6,4,7,9,58,20667,1177364
1045,2,2,6,7,73,21393,531788
4047,6,4,4,5,38,12138,1009388
3910,5,4,2,1,14,26622,959677
2300,3,2,9,10,70,24083,872541
2505,2,2,1,2,28,10402,566082
3606,4,3,4,5,2,19884,1012552
1337,1,1,1,1,9,19118,422091
2690,4,3,6,7,28,14164,883409
2641,4,2,4,2,78,25211,665051
1720,3,3,5,7,34,6510,619342
3255,5,3,5,7,5,10360,951183
1324,1,1,9,10,11,17038,698473
3675,5,3,1,1,37,12289,799922
2329,4,3,2,4,76,16753,608748
3750,4,2,6,7,18,25801,1063997
835,2,1,5,4,66,10864,362819
1484,2,1,7,5,7,10819,635003
819,1,1,3,3,7,20016,405498
3168,4,3,3,5,46,9014,790682
3359,4,2,10,10,3,9706,1094099
1199,1,1,2,1,50,5900,295689
3501,4,3,3,2,66,25200,828451
1771,1,1,10,10,44,23351,834902
2706,2,1,1,1,7,23279,638484
3318,3,3,5,7,15,22902,966110
1966,1,1,5,5,76,12586,506238
1915,1,1,7,8,66,8270,593148
4225,6,5,4,5,8,20684,1150866
1633,2,2,3,3,59,12633,483617
2623,2,2,1,3,77,20736,584027
3574,6,5,8,8,76,11742,1040729
2782,4,3,3,5,70,13081,684300
1653,3,2,2,1,14,14525,513051
850,1,1,4,4,70,10010,303320
1374,1,1,3,5,40,8287,402300
4061,6,5,1,1,21,24866,977352
1948,2,2,3,3,23,12274,528560
2997,4,2,2,4,43,17359,711124
3161,4,3,8,10,0,19744,1121159
3417,5,3,6,4,9,13745,939272
4213,5,4,9,9,79,10829,1114772
3152,5,4,8,9,71,21484,1014797
2515,4,2,10,10,55,11193,902573
1481,1,1,3,3,49,21433,457295
1637,1,1,5,7,11,19610,612049
1877,1,1,7,7,59,11224,626897
3850,5,4,5,5,25,24653,1061619
3291,3,2,8,9,77,14858,940746
3460,5,3,5,7,40,14659,937622
3840,4,2,1,1,35,16203,809252
3111,5,3,5,4,22,23215,939166
3924,5,3,4,2,42,22721,947200
2395,4,2,6,7,5,20209,871001
3851,6,5,3,3,68,24159,936516
4491,5,4,5,4,42,13046,1069835
804,1,1,2,2,24,8923,312548
1926,3,3,6,6,17,16418,748267
2019,1,1,6,8,61,6355,634218
1573,2,1,5,7,12,23032,671725
1676,2,2,6,8,42,11482,630330
1791,1,1,7,6,77,13001,610768
3731,5,3,5,5,27,11504,986175
4221,5,4,1,1,17,15040,903806
846,2,1,8,9,58,13906,532667
3714,6,4,4,6,59,9546,910757
3670,5,3,9,10,62,10049,1077429
3783,4,2,10,10,56,25423,1169132
3503,4,2,6,6,50,21607,956936
1068,1,1,1,1,55,7386,215181
1169,2,1,3,2,26,12399,393773
1435,2,1,3,5,31,13479,483905
1929,3,3,10,10,8,8461,847326
2493,2,2,4,2,67,19032,605532
2482,4,3,6,7,45,24449,872391
1456,2,1,7,7,66,12769,539933
919,1,1,10,10,25,15458,684468
1630,2,2,4,3,7,13437,582552
2610,3,3,6,7,5,19046,884868
4475,6,5,1,3,79,24840,977216
1881,2,1,8,8,23,22654,793397
2774,4,3,7,9,47,21378,920673
2169,2,2,9,9,44,15822,807390
1540,3,2,3,5,12,10575,550516
4345,5,4,2,3,68,21957,927581
916,2,1,1,1,24,11230,275800
2653,3,2,3,4,19,14049,704960
3638,6,4,5,3,65,14447,917570
1950,3,3,2,1,73,21905,500501
4264,5,4,3,4,44,27236,1046815
2731,3,2,4,2,46,20466,683778
1812,3,3,7,7,62,16586,710717
2464,3,3,3,3,75,17703,623916
1881,3,3,9,10,76,9319,749373
1433,3,3,8,7,54,8453,643538
1312,1,1,4,4,74,21159,437766
3649,6,5,1,1,18,10252,844353
1919,2,1,1,1,34,19632,491954
1941,3,2,1,3,52,6569,453348
1359,1,1,1,2,25,13219,369959
4472,6,4,8,10,13,26082,1351580
1287,2,2,3,1,44,14268,407940
4108,6,5,6,6,43,13343,1095778
1696,1,1,3,1,64,18152,430851
4143,5,3,5,3,50,21845,996637
2012,3,2,7,6,42,20820,729958
1503,1,1,2,2,22,8401,407843
2270,4,3,6,4,55,7385,672746
1380,1,1,6,7,18,5924,564190
3637,6,5,3,1,75,22228,880323
3708,6,4,6,7,54,15320,1018510
3094,5,3,10,9,59,21919,1063821
3947,6,4,10,8,58,10248,1164247
953,1,1,5,7,32,6723,450269
2479,2,1,2,1,18,10790,573783
4306,6,5,9,10,27,23079,1333218
1796,1,1,8,7,51,13849,667040
3957,4,3,3,1,48,23021,887944
3544,5,4,8,8,36,21546,1115408
4156,4,2,9,9,25,21025,1239567
2043,1,1,3,4,39,8667,519368
1892,2,2,3,4,79,15366,490819
3918,5,4,2,2,37,18254,902120
1808,2,1,8,9,76,20035,691304
2941,5,3,10,9,53,19696,1042898
2573,4,3,1,3,21,8182,637546
1757,2,1,8,10,15,15538,759012
3859,5,4,7,6,27,20650,1101845
1252,1,1,7,9,34,11939,593775
2027,3,2,3,1,59,7602,479195
3759,6,4,1,1,44,14583,837589
3065,3,2,4,5,45,11537,773697
3321,3,2,9,8,71,9281,958965
3279,4,2,5,5,54,8730,782569
3188,5,4,1,2,25,14042,781212
1350,2,2,5,5,24,9054,533244
2435,4,2,8,9,64,16979,811476
2112,3,2,8,10,5,9110,858592
4125,4,2,5,4,22,12414,989137
2557,3,3,9,7,63,11059,841342
1156,1,1,1,2,42,14713,298473
2870,3,2,4,5,22,15486,781623
2585,3,3,3,3,29,19145,698787
3369,3,3,2,4,76,16492,771256
2581,2,1,8,8,17,22758,912608
3971,6,4,7,7,78,15127,1044070
3649,4,2,9,10,20,10391,1071255
4051,5,4,2,1,56,13982,866470
4094,5,3,4,4,22,20874,1046856
3609,4,2,6,6,44,19989,939269
3289,5,3,3,4,43,19258,831163
2431,4,3,8,10,46,9647,847301
3616,4,3,3,2,39,24031,892059
1815,1,1,2,1,50,21910,451252
2148,3,2,3,1,41,12835,544955
1315,1,1,6,8,6,22588,658809
3887,6,5,2,3,49,25790,960325
3639,4,3,8,9,47,24008,1078734
1135,1,1,1,3,5,14835,412470
2582,3,3,7,8,8,15224,923357
3105,4,3,2,1,56,12200,680443
1296,1,1,10,8,30,22165,719007
1695,2,2,6,5,20,9485,635590
3007,3,3,2,4,39,22563,772714
4346,5,3,2,2,44,20671,947968
1651,1,1,10,10,76,10710,672790
2487,2,1,8,7,48,20911,831502
2731,3,3,2,1,19,10295,653424
3537,6,4,7,8,16,14359,1083304
3227,3,3,3,2,27,18043,795970
2368,4,3,8,7,40,21444,887263
1756,1,1,7,7,65,19628,637083
3538,4,3,8,9,24,16721,1091597
4298,6,4,7,6,57,22614,1144869
2436,3,2,6,5,40,17761,765756
2091,1,1,7,8,5,10959,741371
4448,5,4,5,7,74,26890,1114973
2240,2,1,7,8,37,9215,733007
1991,3,3,1,1,5,19593,577310
1866,2,1,1,3,44,12100,420785
4427,6,4,9,7,74,28059,1228335
1084,2,1,5,6,13,4330,477025
3244,4,3,5,5,65,16265,849099
811,2,2,3,5,39,18471,412543
2430,3,3,5,6,2,10395,779865
4173,4,2,3,2,23,23749,946945
4124,5,3,9,10,18,24764,1290150
3346,3,3,9,7,17,16651,1070414
1553,3,3,6,7,63,9039,617784
2882,5,4,1,3,34,11149,726519
3574,4,3,7,9,61,10070,987887
3696,6,5,7,8,0,19759,1157116
889,1,1,10,10,24,17515,672582
1575,1,1,10,9,44,5714,661378
3452,5,4,4,5,48,19693,937471
3817,4,2,8,7,15,12134,1027656
2425,3,2,6,5,18,13731,768299
3869,5,4,4,4,22,13374,976003
1217,2,2,4,5,24,4657,481611
914,1,1,2,4,15,10125,383444
1416,1,1,2,1,53,19727,367602
4067,5,4,4,4,72,10484,906214
1625,1,1,5,6,0,9982,597117
4372,5,3,8,9,41,11761,1199111
2449,3,2,6,4,18,22127,796887
2316,4,3,4,2,33,13802,647722
3946,5,3,7,6,79,23195,1030286
1212,1,1,8,6,54,10631,531994
4247,5,3,2,1,17,22810,979203
4291,6,4,7,9,33,13001,1178593
1528,3,2,2,1,44,11296,410293
4148,6,5,2,1,5,12189,965921
3868,4,3,8,10,20,23489,1204762
3608,4,2,2,1,69,14538,712868
1475,3,2,9,8,47,16182,704688
4265,6,4,1,1,38,28039,975546
2692,2,2,9,10,30,10501,882215
3304,3,2,1,1,9,12769,707993
3767,6,5,10,9,29,25057,1290257
3039,4,2,10,10,17,12120,1022810
3586,6,4,2,1,59,13605,787970
1922,2,1,6,4,72,19860,569611
2371,3,2,6,7,14,9400,770290
1777,2,1,1,1,3,16464,512652
1808,1,1,7,7,62,8560,584009
2943,5,4,8,10,39,15096,1014431
2487,4,2,2,1,8,15761,642923
3510,5,4,8,10,8,11006,1123605
4061,4,2,9,7,25,21064,1175405
836,1,1,6,7,3,21130,568693
4240,6,5,5,6,15,22641,1213681
2348,2,1,9,9,14,9703,858607
3126,3,3,9,10,51,9221,967210
3064,4,3,1,1,68,16900,650513
3714,4,2,3,3,4,12252,906823
1672,2,2,9,8,19,6555,722134
2621,4,3,2,3,78,7471,599638
2096,1,1,4,4,17,21966,673773
2909,5,4,4,2,1,22163,877601
1395,2,1,2,4,12,7975,446404
2703,2,1,3,5,3,22417,777735
1528,1,1,3,1,41,21941,463917
2165,4,2,1,1,73,6378,448547
1196,1,1,6,8,60,19565,522222
1498,2,1,8,8,7,21766,730303
3890,5,3,3,5,66,10749,865815
3024,3,3,5,3,62,22601,816821
2435,4,2,1,2,8,12690,603169
1195,1,1,10,9,10,18682,750508
3292,3,3,7,8,41,11636,952177
4104,6,5,10,10,12,21817,1363998
875,2,2,1,1,35,6052,255067
1064,1,1,9,10,12,6411,634739
3302,5,4,8,8,11,23989,1128229
2619,3,3,7,8,36,17037,877859
1517,3,3,10,10,73,20654,780754
3582,4,2,7,7,72,9286,901582
4255,6,5,5,6,51,19982,1118688
4435,6,5,5,5,70,14597,1088738
1650,2,2,5,7,1,19032,673662
4377,5,3,1,1,55,15712,900815
2190,2,1,8,10,59,6904,739248
943,1,1,1,1,22,12965,283796
1684,1,1,4,4,39,13767,513692
3940,4,3,9,8,63,26412,1157082
3970,5,3,9,9,22,26761,1222775
1195,1,1,5,5,28,14784,496799
3896,5,4,4,5,77,13541,915427
3795,4,2,3,1,50,20943,829281
3738,6,5,3,3,68,23485,937510
2292,3,2,5,7,30,18021,744900
4355,6,4,10,10,49,16046,1300594
4436,6,5,1,2,19,15423,999615
4022,6,5,5,3,54,12867,1008514
1967,1,1,6,4,1,18850,657969
3416,3,3,7,9,24,23999,1058967
1862,1,1,9,8,12,14401,763489
2956,4,2,3,4,69,22780,735885
1865,3,2,2,3,66,14121,475410
2009,1,1,3,5,57,18676,534217
3782,6,4,9,10,74,19227,1158753
3245,5,4,7,6,63,10801,931246
4094,4,2,9,8,68,17413,1092932
1433,1,1,2,1,58,16431,343655
1956,3,3,5,6,59,16182,682719
4034,4,2,4,5,61,23628,943543
2038,1,1,2,4,15,23064,571628
1532,1,1,9,7,67,21029,619255
1034,1,1,9,10,14,9853,644856
3505,6,5,6,4,54,21077,996873
1550,3,3,6,4,34,13840,631164
3435,4,3,8,10,54,22523,1076031
3880,6,4,6,4,13,26982,1131763
3945,4,2,1,1,48,13705,774204
1753,3,3,4,3,6,22737,684284
3339,3,2,7,7,29,13387,967295
3760,5,4,2,4,48,14027,892269
4124,4,3,9,9,15,16823,1203262
4101,6,5,8,7,50,14975,1171748
2342,4,3,8,8,71,19130,824418
1997,3,3,7,9,79,16458,711763
2476,3,2,4,6,41,22816,735494
1991,2,2,2,1,16,9302,500787
3017,5,3,3,4,62,18784,775029
2216,2,1,6,4,44,11130,662958
3793,5,4,5,7,76,27534,1014394
3642,6,5,8,7,6,15342,1178862
3481,5,3,6,5,26,9688,936831
2017,2,1,6,4,9,12731,632459
2340,3,2,1,3,33,18590,591864
2876,4,3,4,3,35,17009,796595
4036,4,2,5,7,24,23035,1069745
2245,2,2,3,2,5,23156,676096
3186,5,4,9,10,23,9453,1090592
2319,3,3,1,1,17,17414,588874
2188,2,1,6,8,5,20572,777783
2656,3,3,6,8,28,16656,830724
2165,4,3,10,8,24,22288,953346
1299,1,1,5,5,54,16287,488722
2480,2,2,5,6,45,24291,771814
1310,1,1,10,8,23,9380,646154
4198,6,4,5,6,74,23832,1048796
1016,1,1,6,5,25,4098,425595
2124,2,2,8,9,27,6812,753321
1955,3,2,2,4,2,19303,655074
2627,3,3,6,7,74,10924,762671
3941,6,4,1,1,37,12133,849441
4123,5,4,4,2,60,23195,983913
4286,6,4,10,10,77,11376,1194104
2610,3,2,3,1,50,16803,630979
3292,3,3,9,7,47,26203,1022243
3723,5,4,3,4,20,21670,988053
2005,3,3,6,6,53,12026,663634
3014,5,3,1,1,55,21064,712008
890,1,1,6,5,58,16172,430948
1513,1,1,4,2,71,12964,388418
2681,2,2,8,9,50,11503,863859
4402,6,4,9,7,19,20350,1286204
838,1,1,4,6,58,9011,353922
3997,6,5,10,8,70,15071,1191277
4322,5,3,10,8,8,23891,1290655
972,1,1,6,6,0,9555,535177
1452,1,1,1,2,28,12993,378673
1553,2,1,4,2,62,7998,418951
2043,2,2,7,7,71,11663,635046
1881,1,1,1,1,55,23705,437438
2483,3,3,8,8,67,13649,815263
3323,4,3,10,10,34,10153,1083669
1255,2,2,6,6,2,20845,659681
1628,2,1,5,3,6,7319,535907
1694,2,1,10,8,26,7388,726809
2184,3,3,9,8,0,21934,956118
2758,4,3,2,4,79,8810,616250
3872,4,2,5,7,70,24840,975367
3234,5,4,6,8,43,12533,929919
2796,4,3,7,6,40,21682,898623
3195,3,3,5,7,74,26377,859040
989,2,1,9,10,41,21684,668554
1304,1,1,1,1,32,22090,397872
2014,3,3,7,5,49,15346,678535
2331,2,2,10,8,62,15150,840913
4240,6,4,7,7,36,21721,1185651
4280,6,4,4,4,58,20977,1039477
1623,3,3,9,9,47,20820,784513
1728,3,3,5,3,4,20758,656291
1733,3,2,4,6,47,20116,603285
1940,2,1,7,7,2,19230,795611
933,2,1,4,3,46,5962,329319
2905,4,3,3,3,61,19611,708476
4427,6,4,9,10,13,27413,1378734
1484,2,2,8,8,62,12137,628998
3519,5,3,1,1,60,22326,769630
3020,3,2,7,7,30,18734,916886
2652,2,1,9,10,16,19495,955938
1614,3,2,8,7,23,15965,718617
1972,1,1,8,10,22,11091,756171
879,1,1,6,6,49,21498,506198
3733,6,4,4,5,77,15665,902845
4084,6,5,8,9,78,10714,1089337
1002,2,1,3,2,78,9235,294537
3611,4,2,9,7,69,17187,1041629
2052,1,1,2,2,26,8144,474409
2499,4,2,2,3,14,8750,645628
2050,2,2,7,6,49,7949,654307
2482,4,2,10,10,35,9606,941650
2355,3,2,4,5,7,8310,693133
4312,6,5,10,9,78,24575,1274876
4273,6,4,8,6,2,22343,1273327
2894,5,3,9,7,61,24790,974285
2056,3,2,7,8,46,7244,686349
4176,4,3,5,6,76,15843,989849
2349,3,2,8,8,60,12493,770941
1966,1,1,4,3,31,16463,546083
4286,5,3,2,3,12,21503,1043915
4384,6,4,6,6,0,18401,1206926
2196,2,2,9,9,33,24263,888628
4437,6,4,1,2,61,15883,928907
4130,5,3,10,8,78,12373,1106070
3503,6,5,7,6,77,10050,975541
1270,1,1,10,9,70,18463,652533
3818,4,3,9,7,30,12067,1078144
1835,3,3,10,10,63,19596,840227
2153,4,3,9,8,24,7888,833675
3583,4,2,10,10,37,23540,1133082
3631,5,4,3,4,13,10570,899914
1767,2,1,5,5,7,14327,630235
1157,2,1,8,6,53,5934,507979
3819,5,3,8,9,1,14404,1185895
4279,5,4,4,6,77,15750,999455
1467,3,3,1,1,55,11556,378551
1172,1,1,1,1,60,10437,265352
1831,1,1,4,4,21,22146,579465
1945,2,2,6,5,34,6127,615123
2171,4,3,8,7,15,17452,870197
3523,6,5,6,4,49,15119,983480
889,1,1,9,8,42,6320,551491
3545,4,2,9,10,16,24372,1193572
4187,4,3,2,1,79,20569,857465
4049,4,2,10,10,57,11635,1147706
1339,1,1,1,1,1,21816,471581
3579,6,5,2,4,3,20718,970846
1668,3,2,5,5,38,18770,624009
840,1,1,4,3,5,11076,396710
1539,2,1,4,4,68,22002,511499
2746,4,3,9,7,68,12623,877089
3349,5,3,8,8,19,17395,1053548
3806,4,3,6,7,63,27125,1037189
4016,4,2,1,1,15,20303,887118
2024,2,1,2,4,50,9193,465009
1728,3,3,6,7,36,18556,696019
2836,4,3,2,1,72,11739,596885
3308,5,4,10,9,68,12811,1053150
3579,4,3,5,4,41,18402,940967
3599,5,4,5,6,56,16479,928098
1724,2,2,6,7,65,7957,577300
3756,6,5,6,7,8,25014,1157606
2381,2,2,6,4,63,13295,674206
4418,6,4,2,1,21,27901,1052150
4124,4,3,10,9,33,24918,1250650
1189,1,1,3,3,54,8310,343879
2417,2,1,6,5,28,21429,769558
3730,6,5,8,10,37,22501,1237234
1055,1,1,1,1,17,9670,289080
1508,2,1,1,2,70,9032,307071
2638,2,2,2,1,64,7995,529497
2744,2,1,6,7,0,7562,792163
3297,4,3,9,10,3,21755,1157828
809,2,1,4,6,3,5767,452096
3671,4,2,3,1,26,23375,860326
1597,1,1,8,9,42,9401,632101
4113,4,3,10,10,58,25269,1222173
4122,5,4,9,8,31,19322,1219970
1676,2,1,5,4,32,17077,578507
1828,2,1,9,10,27,9592,722867
3990,5,4,2,1,54,19287,869423
1815,3,3,3,5,59,23089,598133
2624,4,2,7,5,69,11863,737460
1173,1,1,7,6,61,11611,449534
3936,6,5,6,8,79,19988,1053514
2993,3,3,6,4,33,23719,863464
1023,1,1,2,2,55,17938,323910
2062,1,1,10,10,12,10776,823636
3024,4,3,6,7,55,18521,879231
2602,2,1,4,4,17,16451,719002
1652,3,3,3,2,53,22229,551387
4153,5,3,2,4,76,12467,868533
862,2,2,1,2,42,18312,334661
2040,1,1,5,5,38,18141,611855
3674,4,3,2,2,60,15389,776990
3642,4,3,2,1,41,21957,803970
1488,2,1,7,6,78,6536,500118
2284,4,2,8,6,17,18522,861496
2433,3,3,10,10,22,24414,1029334
2952,4,3,8,6,53,22982,934538
3970,4,3,4,4,29,15359,966170
1310,1,1,1,3,57,7342,259870
1184,1,1,7,9,67,14918,540196
1204,1,1,1,1,66,21262,306064
3670,5,3,4,6,70,10808,896907
1317,1,1,8,10,17,5442,640154
1275,1,1,2,4,6,11269,441008
2800,3,2,6,6,39,23963,862949
3556,4,2,6,8,69,19703,949096
2468,3,3,9,10,64,12009,887230
2693,2,1,5,7,67,15398,675860
3618,4,3,10,8,48,23128,1128533
2260,3,2,4,4,51,14769,648292
3894,5,4,5,4,28,27301,1040234
3844,6,4,10,8,20,24835,1273343
4436,6,5,5,6,77,28609,1136527
3524,5,4,8,8,8,9815,1092322
1513,3,2,10,10,46,8921,725849
4329,6,5,8,9,75,20858,1230527
882,1,1,2,3,41,11093,301939
1968,2,2,7,8,50,21268,754226
3956,5,4,8,7,55,24533,1150094
3949,6,5,6,8,50,21232,1121603
3304,4,3,5,5,69,9493,817092
2701,3,3,9,10,19,15136,972376
2848,5,4,3,5,26,11602,802171
850,1,1,10,10,37,8192,593361
1484,3,2,4,3,71,14698,483088
1516,1,1,9,7,64,7105,590029
2269,4,3,6,5,53,23234,771559
1248,2,1,8,10,23,10765,646239
1680,2,1,7,6,46,22554,641735
1287,1,1,2,3,70,11415,327159
2623,3,3,3,1,62,18201,626970
2881,3,2,1,2,56,9794,558950
4219,6,5,9,7,54,20137,1202584
2942,5,4,7,9,59,20621,995293
3943,4,2,1,1,61,20648,783290
2374,3,3,3,1,29,13877,643217
3001,4,3,4,2,21,16790,797250
1049,1,1,4,3,74,6245,326168
1473,2,2,5,4,28,5561,529262
1237,2,1,3,5,40,5421,390269
2965,5,3,3,1,41,13607,696465
1570,3,3,1,1,64,13006,370980
4177,6,5,7,9,30,12367,1181255
1067,2,1,10,8,29,21008,719934
2784,3,3,1,1,17,12555,643716
1877,2,1,2,1,16,14487,497163
1035,1,1,4,6,37,13549,462045
1188,1,1,4,2,13,14201,446359
3837,6,4,5,3,78,12600,912688
1562,3,2,2,4,55,12406,468169
2648,4,2,4,4,21,22931,794689
3248,3,2,1,3,66,24343,713422
1423,2,2,2,4,55,14336,421808
3614,5,3,1,1,18,16214,822347
4174,6,5,10,10,56,17210,1284565
3766,5,3,10,8,43,21691,1190585
4078,5,3,4,6,34,14579,1012979
2052,3,3,4,4,0,16554,716897
3700,4,2,7,8,51,17559,1015340
1377,1,1,10,10,69,6827,620875
2922,3,2,9,8,36,24929,996658
1234,2,1,9,7,64,14579,609834
2950,4,3,5,3,50,14725,767829
4293,6,5,10,9,0,21238,1353369
1563,3,2,1,1,20,17580,459354
3585,5,3,1,3,52,17138,803614
3653,4,2,6,5,15,21822,1022608
2129,2,2,2,3,60,20548,532247
2945,5,4,8,8,53,15666,928251
3645,4,3,9,8,39,17848,1084848
2158,4,3,4,3,25,15035,673466
3706,6,4,5,6,79,14298,926455
3282,4,2,8,6,64,13183,890873
1246,1,1,3,1,73,18448,357649
2817,4,3,5,7,63,17979,819116
2131,4,2,3,4,42,13137,612519
1048,1,1,10,10,16,14196,683844
965,1,1,3,3,58,11786,310368
4352,5,3,3,4,22,16105,1014881
3831,6,4,7,7,6,12684,1136553
2158,4,2,7,5,43,17991,726785
1819,2,2,7,7,52,16550,702352
1341,2,2,10,10,70,10420,676872
1558,3,2,8,9,78,20242,679871
3977,4,2,5,6,33,11724,982871
4434,5,4,5,5,45,23173,1136800
2928,4,2,4,3,67,17825,717869
2980,5,4,7,8,77,20364,930071
1596,3,3,10,10,77,14181,772207
3747,4,2,4,6,15,12709,974879
937,2,1,2,1,70,15854,280261
3031,3,2,4,4,18,14756,779056
4272,6,4,8,7,1,27680,1295640
2153,2,2,9,7,9,16967,859780
3632,6,5,3,3,49,10656,869126
4379,6,5,7,8,11,17547,1259960
2675,2,1,9,10,69,21735,885813
3831,4,3,4,3,21,26723,977924
868,1,1,10,10,31,3841,604351
3393,4,2,3,4,0,20265,905684
2900,3,2,5,5,53,9746,769373
2273,4,2,1,2,57,12090,532621
1004,1,1,3,4,69,21487,360121
2973,4,2,8,10,17,21221,1034510
842,1,1,8,7,5,10669,576965
2706,3,2,4,5,44,9194,711462
2958,4,3,2,4,22,14129,749692
1560,3,3,8,7,22,19605,745579
4054,5,3,8,8,25,25713,1187070
3695,5,3,10,10,76,14259,1120615
2942,5,3,4,2,6,25829,885788
2794,3,3,3,5,78,17455,682056
4245,6,4,2,1,43,14471,931512
2735,4,3,9,10,26,16963,999209
4391,6,4,1,1,25,16464,948881
1699,2,1,7,6,78,11180,559292
1159,1,1,5,7,35,21645,547435
3747,6,5,8,6,54,18631,1133173
2519,2,1,4,4,63,24022,653624
1080,1,1,7,6,56,17172,488219
4066,4,3,5,4,68,11656,905445
2687,4,3,5,4,60,24008,774700
4066,4,3,9,10,1,10210,1198046
1466,3,3,9,10,54,8055,693477
892,1,1,9,10,79,10848,541871
1471,2,1,6,7,37,18010,593459
2769,4,3,6,5,79,15955,771925
860,1,1,5,5,77,17082,413912
3481,4,2,9,10,28,10171,1064308
3922,5,4,10,10,25,14997,1237546
4274,6,4,8,7,34,15446,1220189
1828,3,3,7,9,78,16527,723519
2289,2,2,7,8,66,14188,738766
1403,1,1,6,7,28,15883,583204
1481,2,2,5,7,33,20753,626074
3381,3,3,4,3,40,11306,802610
2228,2,2,3,2,40,11978,553068
3685,5,4,3,2,22,11740,891630
4384,6,5,6,4,70,15478,1085251
3492,3,2,4,6,2,9312,873690
3080,5,3,6,5,57,21843,920195
1323,1,1,3,4,31,10225,429221
3193,5,4,4,4,30,21508,902548
3917,4,2,9,9,42,16628,1121007
3393,4,3,5,4,6,8906,913435
2768,4,2,7,7,0,14285,894624
1901,2,2,10,10,60,19565,811399
2553,2,2,2,1,13,24454,652932
2636,4,3,5,6,51,22722,857365
3944,4,3,9,10,5,13563,1198987
3641,4,3,3,1,9,14925,849608
3096,4,3,9,7,70,19752,1012152
2894,5,4,6,6,29,25488,954999
1944,1,1,4,6,20,23468,650803
3061,3,2,7,7,59,23505,901123
3086,5,3,8,6,73,11342,872390
1879,1,1,6,7,62,6113,563125
3197,3,3,5,5,41,18112,830448
906,2,2,6,8,50,3840,486388
3678,6,5,5,5,63,24187,1001217
847,2,2,8,7,75,21091,538775
4444,6,5,1,1,55,21782,984282
1136,1,1,7,5,79,13291,450288
1849,3,2,10,10,40,18336,841576
3651,5,4,10,10,31,24191,1211923
2080,2,1,2,1,14,8184,528354
2855,4,2,9,8,61,13549,907467
1424,1,1,1,1,26,18351,375113
2690,3,3,10,10,27,17683,1009087
2076,2,1,6,4,63,23290,626047
2515,2,1,9,7,58,24652,869346
3566,4,3,1,1,57,11038,717584
1102,1,1,4,4,1,11603,452181
1438,3,2,4,6,35,12837,562848
855,1,1,9,10,70,15741,557783
1525,1,1,5,6,12,20178,592316
1325,1,1,5,3,14,20313,540030
1273,1,1,6,7,59,6006,477772
827,2,1,1,1,21,19336,346296
2925,3,2,1,3,62,23043,666932
4087,6,5,9,7,74,27974,1213525
4257,5,4,3,2,73,21559,949246
1164,1,1,4,3,24,12094,452999
3513,4,2,1,1,47,26838,775988
1325,1,1,9,8,42,9028,617931
3546,6,5,8,6,37,16621,1098756
2135,4,2,2,1,40,9341,527201
1682,2,1,8,8,44,22303,712596
1830,3,3,7,8,39,23607,785844
1826,1,1,6,5,16,17344,645215
2446,3,3,1,1,56,7932,546948
1718,2,1,7,7,1,8122,669943
3597,5,4,10,10,61,21860,1148661
3210,3,3,7,7,8,10973,959271
2574,4,2,9,10,67,8927,854084
2331,2,2,1,3,16,19848,617842
4145,5,3,2,4,49,26749,970133
4377,5,3,9,7,39,15811,1193760
3653,4,3,9,8,57,11568,1037234
3586,6,5,6,7,74,19480,1032889
2706,4,3,6,4,20,24188,878235
3886,5,4,4,3,17,27264,1045257
2015,1,1,4,3,54,11218,515085
2454,2,2,5,5,28,15710,737664
1284,2,1,3,3,23,9625,411469
2875,3,2,1,1,73,11748,536705
1513,1,1,1,1,16,13890,422832
1862,1,1,7,6,17,9401,661366
2776,4,3,1,1,41,13348,628349
2096,2,1,1,3,44,20642,521905
2054,2,1,3,3,16,12471,560566
2933,3,2,10,9,72,15989,935064
4345,6,5,4,2,13,18912,1082232
925,2,1,4,5,48,17504,441872
3659,6,5,2,2,28,27102,964991
1336,1,1,1,1,3,8743,367789
2992,4,2,3,4,19,16792,775850
4396,5,3,4,5,46,13578,1026154
4083,5,3,3,5,8,11036,977565
2872,3,2,8,9,76,11940,836117
2403,2,2,10,9,78,18602,842774
4265,6,5,1,1,26,13269,984704
866,2,1,2,2,14,4672,314831
1032,2,1,7,7,18,4404,491287
2956,5,3,4,4,51,12045,762487
1969,2,1,8,9,25,22981,818010
2958,5,4,3,4,25,18141,819978
3075,4,2,6,8,25,17902,945726
910,2,2,9,9,45,7277,587767
2293,3,2,1,1,48,16434,543989
2881,3,3,1,3,52,17003,655782
1422,2,1,8,6,2,5297,617233
4240,6,4,3,4,65,20376,1003854
3595,6,5,5,7,41,20166,1048467
3442,4,2,1,3,18,24756,832059
4425,5,3,5,4,16,11668,1091624
3272,3,2,6,7,32,13412,908922
3460,5,4,8,9,75,25316,1043231
2341,2,1,3,5,48,18853,635401
3539,5,3,3,4,55,9998,828824
2105,2,2,10,10,62,15716,839103
4191,6,5,9,8,2,16857,1280839
2561,3,3,4,6,48,9139,707717
4314,6,4,4,5,54,18585,1055699
2775,3,2,7,8,25,23780,913285
3162,3,2,2,4,71,17744,715721
